carbon_price,hfo_pct,lng_pct,meoh_pct,vessels_deployed,ghg_wtw_tco2e,opex_usd
0.0,60.0,20.0,20.0,5,3369.7004470818547,3407900.0701478263
25.0,60.0,0.0,40.0,5,3274.314472612454,3380084.5188564467
50.0,40.0,40.0,20.0,5,3625.8305852189897,3027293.63027361
75.0,40.0,40.0,20.0,5,3525.753384012632,3351990.396673777
100.0,40.0,60.0,0.0,5,3841.362808118878,3320477.1007830133
125.0,40.0,40.0,20.0,5,3327.5928581665157,3766031.1966817062
150.0,20.0,60.0,20.0,5,3351.6892095270173,3726817.6736352416
175.0,40.0,40.0,20.0,5,3208.5547911335216,3773609.4773173067
200.0,60.0,20.0,20.0,5,3846.170590803346,3736928.2185057886
