solution_id,fuel_cost_usd,ghg_wtw_tco2e,opex_usd,is_knee
sol_000,897562.5646974763,4431.073357682465,2903714.601218745,False
sol_001,1587051.157722944,3679.6362337067635,3440968.1358007006,False
sol_002,937171.207149394,5127.04635189864,2460713.4921961743,False
sol_003,1570432.862815246,3668.7094842632246,3628444.0982231637,False
sol_004,2484979.475929066,3195.2066069532875,3930775.2284393236,False
sol_005,849392.0994227213,4538.0474289663025,2582784.48407743,False
sol_006,2152624.753633599,2782.3368400203367,3969655.299952777,False
sol_007,1534551.6115501462,4243.070268878614,3019519.4595047985,False
sol_008,949222.6536279658,5014.541346824677,2491662.34115282,False
sol_009,2207389.558004793,3354.3795992906234,3678143.8818593044,False
sol_010,1935439.6533173406,3412.1299629927657,3436059.6398465396,False
sol_011,1451495.6582661336,4272.046400704963,2982889.2071979763,False
sol_012,2299569.316189521,3353.079780995279,3709922.5370611353,False
sol_013,901579.7313480157,4932.219708484227,2512245.494569604,False
sol_014,1639059.9911294486,3488.219614404601,3576670.3739975216,False
sol_015,1453746.3779097712,4294.529470047936,2947487.4848049167,False
sol_016,1737712.066102334,3373.2816003079533,3619945.782294778,False
sol_017,1319805.482594445,3746.911266099333,3167431.056265692,True
sol_018,3243767.2682533786,2495.5990376193754,4771736.899897974,False
sol_019,1368135.888406118,4307.996497123562,3097918.2527796924,False
sol_020,1213436.6469444963,3897.4700853156605,3201533.150124939,False
sol_021,1458101.649502968,4107.933779881064,3160456.788545695,False
sol_022,1441421.4060703097,4289.807870874327,3063182.771698092,False
