algo,instance,seed,archive_size,feasible_count,hv,igd,evals_to_95,spread,wall_time_s
QIEA,S,42,31,17,1.330257,0.001847,500,0.040946,9.2
QIEA,S,7,27,26,1.252148,0.018845,800,0.04712,8.8
QIEA,S,13,8,22,1.267535,0.028492,350,0.243947,8.6
QIEA,S,99,27,21,1.252271,0.01894,350,0.045204,9.0
QIEA,S,2024,60,24,1.330295,0.001163,450,0.020248,9.8
GA,S,42,54,44,1.252579,0.018647,1200,0.025222,11.4
GA,S,7,28,45,1.208454,0.046723,1800,0.072984,11.5
GA,S,13,100,48,1.330318,0.000409,1050,0.012823,12.6
GA,S,99,65,42,1.330291,0.000818,1850,0.018137,11.3
GA,S,2024,60,40,1.330296,0.001011,1550,0.020886,11.8
MOPSO,S,42,75,18,1.330257,0.000669,550,0.018172,9.8
MOPSO,S,7,100,17,1.330238,0.000531,900,0.012427,10.3
MOPSO,S,13,100,24,1.330311,0.000495,450,0.011743,11.1
MOPSO,S,99,100,22,1.330241,0.000512,550,0.012686,11.5
MOPSO,S,2024,100,21,1.330009,0.000618,850,0.012286,11.3
SA,S,42,3,1,0.357481,0.668271,4700,0.837428,9.7
SA,S,7,2,1,0.233596,0.897195,1150,1.732051,10.6
SA,S,13,1,1,0.072,1.119656,4850,,9.9
SA,S,99,2,1,0.009518,1.389365,3300,1.732051,9.4
SA,S,2024,4,0,0.089727,1.080784,1500,0.543728,9.8
QIEA,M,42,10,98,1.043639,0.124781,1300,0.30475,16.5
QIEA,M,7,17,95,1.117316,0.110153,700,0.086628,19.3
QIEA,M,13,16,91,1.144344,0.142607,1500,0.127702,25.6
QIEA,M,99,13,94,1.157045,0.156474,1200,0.098848,17.0
QIEA,M,2024,8,92,1.201301,0.093702,900,0.259646,19.0
GA,M,42,100,100,1.009254,0.139495,900,0.007424,23.8
GA,M,7,100,100,1.135188,0.142641,700,0.011183,27.9
GA,M,13,100,100,0.713299,0.22999,1000,0.015806,23.3
GA,M,99,100,100,1.099589,0.106175,1000,0.014782,25.6
GA,M,2024,22,100,0.920997,0.15944,600,0.064967,23.2
MOPSO,M,42,4,98,1.035714,0.10756,800,0.829027,19.3
MOPSO,M,7,11,97,1.199895,0.158336,500,0.109144,19.9
MOPSO,M,13,14,97,1.108975,0.150808,1600,0.143071,18.5
MOPSO,M,99,7,99,1.001744,0.195063,1200,0.360805,18.8
MOPSO,M,2024,13,98,1.139948,0.153699,1500,0.08255,18.6
SA,M,42,4,1,0.247945,0.677369,7900,0.527023,10.8
SA,M,7,3,1,0.104277,0.923072,4000,0.905166,10.4
SA,M,13,6,1,0.187281,0.771712,7800,0.299276,12.0
SA,M,99,1,1,0.469982,0.381529,3600,,14.9
SA,M,2024,2,1,0.629011,0.272026,700,1.732051,12.0
QIEA,L,42,2,68,0.36623,0.648986,4000,1.732051,33.8
QIEA,L,7,4,62,0.292821,0.701979,300,0.778666,31.7
QIEA,L,13,2,67,0.543058,0.458534,5400,1.732051,32.4
QIEA,L,99,6,70,0.281526,0.755794,500,0.548683,32.8
QIEA,L,2024,4,63,0.417938,0.602784,3700,0.529753,31.2
GA,L,42,2,31,1.150787,0.092824,3200,1.732051,37.7
GA,L,7,13,87,1.119468,0.092694,4100,0.129866,36.0
GA,L,13,9,46,1.201853,0.082396,3400,0.176049,38.1
GA,L,99,9,33,1.203594,0.045745,3200,0.163063,37.9
GA,L,2024,1,24,1.194931,0.072808,3600,,33.8
MOPSO,L,42,3,73,0.365443,0.635861,400,0.686526,33.7
MOPSO,L,7,1,59,0.62607,0.339198,2400,,31.9
MOPSO,L,13,3,73,0.483114,0.527031,2200,0.795823,32.0
MOPSO,L,99,7,66,0.226482,0.794699,2100,0.317259,32.4
MOPSO,L,2024,7,74,0.327059,0.671211,2800,0.29914,32.4
SA,L,42,2,1,0.023441,1.310972,3600,1.732051,24.9
SA,L,7,2,1,0.089921,1.049466,4900,1.732051,24.4
SA,L,13,1,1,0.06091,1.132812,9300,,24.2
SA,L,99,3,1,0.007542,1.491495,8200,0.790523,24.3
SA,L,2024,2,1,0.244715,0.734447,1400,1.732051,25.9
QIEA,XL,42,1,78,0.20206,0.882019,1900,,64.1
QIEA,XL,7,4,74,0.137672,1.055539,2200,0.548694,67.6
QIEA,XL,13,1,86,0.235699,0.827994,7900,,62.7
QIEA,XL,99,6,69,0.127613,1.071901,700,0.37542,62.2
QIEA,XL,2024,3,67,0.154252,1.021825,800,1.022488,69.6
GA,XL,42,8,100,1.273498,0.043055,4500,0.219526,61.8
GA,XL,7,5,100,1.264568,0.027024,5000,0.284482,56.2
GA,XL,13,3,100,0.876664,0.24165,4400,0.897079,56.1
GA,XL,99,7,100,1.33092,0.0,5100,0.283739,57.0
GA,XL,2024,2,100,1.167298,0.080066,4000,1.732051,58.0
MOPSO,XL,42,6,87,0.059232,1.282305,3200,0.239863,67.9
MOPSO,XL,7,6,84,0.067812,1.208689,6200,0.507055,70.5
MOPSO,XL,13,1,87,0.185933,0.909319,2100,,66.7
MOPSO,XL,99,1,74,0.21495,0.860664,2300,,67.1
MOPSO,XL,2024,1,87,0.125038,1.031197,5100,,73.3
SA,XL,42,3,1,0.081019,1.192082,9200,0.774649,47.5
SA,XL,7,2,1,0.024741,1.383153,5100,1.732051,46.6
SA,XL,13,2,1,0.02985,1.357655,9300,1.732051,47.3
SA,XL,99,2,1,0.039946,1.293011,1800,1.732051,48.5
SA,XL,2024,1,1,0.004053,1.568135,5500,,48.1
